browser,version,screenWidth,screenHeight,OS,OS_lang,GMT_timestamp,local_timestamp,link,calibration,age,sex
Safari,12.1.2,1920,1080,MacOS,en-US,2020-06-13_16:04:56,2020-06-13_18:04:56,https://www.testable.org/experiment/4314/832291/start?fbclid=IwAR2UI7HSvo-qPCk-C6iNmnSIpDFsfYGvYoWXlO1CDtQ1iRb5HiafViEibc8,0.77,"25",male

rowNo,type,fixation,stim1,stimPos,ITI,presTime,responseWindow,stimFormat,keyboard,key,random,cursor,stimPos_actual,ITI_actual,presTime_actual,timestamp,response,RT,correct
67,test,ITI;withStim,test_235,0 -100,"1000","500",afterStim,.png,left right,right,"2",hide,0 -100,988,"502",327820,right,994,"1"
126,test,ITI;withStim,test_215,0 -100,"1000","500",afterStim,.png,left right,left,"2",hide,0 -100,990,"500",329604,left,791,"1"
65,test,ITI;withStim,test_227,0 -100,"1000","500",afterStim,.png,left right,right,"2",hide,0 -100,992,"500",331436,right,838,"1"
209,test,ITI;withStim,test_230,0 -100,"1000","500",afterStim,.png,left right,right,"2",hide,0 -100,994,"500",333668,right,1234,"1"
110,test,ITI;withStim,test_200,0 -100,"1000","500",afterStim,.png,left right,left,"2",hide,0 -100,999,"501",335380,left,711,"1"
156,test,ITI;withStim,test_227,0 -100,"1000","500",afterStim,.png,left right,right,"2",hide,0 -100,988,"501",337555,right,1184,"1"
83,test,ITI;withStim,test_250,0 -100,"1000","500",afterStim,.png,left right,right,"2",hide,0 -100,999,"500",339316,right,759,"1"
160,test,ITI;withStim,test_245,0 -100,"1000","500",afterStim,.png,left right,right,"2",hide,0 -100,990,"500",341004,right,695,"1"
224,test,ITI;withStim,test_240,0 -100,"1000","500",afterStim,.png,left right,right,"2",hide,0 -100,988,"500",342748,right,754,"1"
200,test,ITI;withStim,test_250,0 -100,"1000","500",afterStim,.png,left right,right,"2",hide,0 -100,996,"500",344524,right,778,"1"
197,test,ITI;withStim,test_235,0 -100,"1000","500",afterStim,.png,left right,right,"2",hide,0 -100,988,"500",346204,right,689,"1"
105,test,ITI;withStim,test_230,0 -100,"1000","500",afterStim,.png,left right,right,"2",hide,0 -100,994,"500",348020,right,820,"1"
145,test,ITI;withStim,test_235,0 -100,"1000","500",afterStim,.png,left right,right,"2",hide,0 -100,996,"501",349716,right,697,"1"
177,test,ITI;withStim,test_210,0 -100,"1000","500",afterStim,.png,left right,left,"2",hide,0 -100,985,"500",351468,left,764,"1"
120,test,ITI;withStim,test_240,0 -100,"1000","500",afterStim,.png,left right,right,"2",hide,0 -100,985,"500",353340,right,884,"1"
220,test,ITI;withStim,test_225,0 -100,"1000","500",afterStim,.png,left right,"","2",hide,0 -100,998,"500",355140,left,799,""
216,test,ITI;withStim,test_210,0 -100,"1000","500",afterStim,.png,left right,left,"2",hide,0 -100,983,"501",356908,left,782,"1"
211,test,ITI;withStim,test_240,0 -100,"1000","500",afterStim,.png,left right,right,"2",hide,0 -100,985,"500",358588,right,693,"1"
54,test,ITI;withStim,test_235,0 -100,"1000","500",afterStim,.png,left right,right,"2",hide,0 -100,990,"500",360340,right,760,"1"
43,test,ITI;withStim,test_245,0 -100,"1000","500",afterStim,.png,left right,right,"2",hide,0 -100,989,"501",362060,right,728,"1"
203,test,ITI;withStim,test_210,0 -100,"1000","500",afterStim,.png,left right,left,"2",hide,0 -100,988,"500",363684,left,633,"1"
137,test,ITI;withStim,test_205,0 -100,"1000","500",afterStim,.png,left right,left,"2",hide,0 -100,999,"500",365300,left,614,"1"
88,test,ITI;withStim,test_220,0 -100,"1000","500",afterStim,.png,left right,left,"2",hide,0 -100,985,"501",367236,left,949,"1"
118,test,ITI;withStim,test_230,0 -100,"1000","500",afterStim,.png,left right,right,"2",hide,0 -100,985,"500",369196,right,973,"1"
74,test,ITI;withStim,test_215,0 -100,"1000","500",afterStim,.png,left right,left,"2",hide,0 -100,993,"500",371012,left,820,"1"
59,test,ITI;withStim,test_205,0 -100,"1000","500",afterStim,.png,left right,left,"2",hide,0 -100,996,"501",372668,left,657,"1"
58,test,ITI;withStim,test_200,0 -100,"1000","500",afterStim,.png,left right,left,"2",hide,0 -100,992,"501",374348,left,686,"1"
130,test,ITI;withStim,test_227,0 -100,"1000","500",afterStim,.png,left right,right,"2",hide,0 -100,996,"500",376452,right,1104,"1"
198,test,ITI;withStim,test_240,0 -100,"1000","500",afterStim,.png,left right,right,"2",hide,0 -100,995,"500",378212,right,762,"1"
191,test,ITI;withStim,test_215,0 -100,"1000","500",afterStim,.png,left right,left,"2",hide,0 -100,987,"500",380004,left,802,"1"
164,test,ITI;withStim,test_210,0 -100,"1000","500",afterStim,.png,left right,left,"2",hide,0 -100,997,"500",381780,left,776,"1"
78,test,ITI;withStim,test_227,0 -100,"1000","500",afterStim,.png,left right,right,"2",hide,0 -100,990,"501",383836,left,1064,"0"
47,test,ITI;withStim,test_210,0 -100,"1000","500",afterStim,.png,left right,left,"2",hide,0 -100,985,"500",385612,left,787,"1"
199,test,ITI;withStim,test_245,0 -100,"1000","500",afterStim,.png,left right,right,"2",hide,0 -100,996,"500",387300,right,690,"1"
152,test,ITI;withStim,test_215,0 -100,"1000","500",afterStim,.png,left right,left,"2",hide,0 -100,993,"500",389052,left,757,"1"
45,test,ITI;withStim,test_200,0 -100,"1000","500",afterStim,.png,left right,left,"2",hide,0 -100,993,"500",390684,left,637,"1"
166,test,ITI;withStim,test_220,0 -100,"1000","500",afterStim,.png,left right,left,"2",hide,0 -100,996,"501",392868,right,1186,"0"
184,test,ITI;withStim,test_235,0 -100,"1000","500",afterStim,.png,left right,right,"2",hide,0 -100,998,"500",394556,right,688,"1"
138,test,ITI;withStim,test_210,0 -100,"1000","500",afterStim,.png,left right,left,"2",hide,0 -100,995,"501",396140,left,587,"1"
155,test,ITI;withStim,test_225,0 -100,"1000","500",afterStim,.png,left right,"","2",hide,0 -100,996,"501",397844,left,706,""
113,test,ITI;withStim,test_215,0 -100,"1000","500",afterStim,.png,left right,left,"2",hide,0 -100,994,"500",399956,left,1116,"1"
121,test,ITI;withStim,test_245,0 -100,"1000","500",afterStim,.png,left right,right,"2",hide,0 -100,984,"500",401556,right,613,"1"
171,test,ITI;withStim,test_235,0 -100,"1000","500",afterStim,.png,left right,right,"2",hide,0 -100,986,"500",403220,right,676,"1"
66,test,ITI;withStim,test_230,0 -100,"1000","500",afterStim,.png,left right,right,"2",hide,0 -100,990,"500",404724,right,512,"1"
44,test,ITI;withStim,test_250,0 -100,"1000","500",afterStim,.png,left right,right,"2",hide,0 -100,988,"501",406556,right,842,"1"
124,test,ITI;withStim,test_205,0 -100,"1000","500",afterStim,.png,left right,left,"2",hide,0 -100,991,"500",408356,left,806,"1"
52,test,ITI;withStim,test_227,0 -100,"1000","500",afterStim,.png,left right,right,"2",hide,0 -100,993,"500",410100,right,748,"1"
226,test,ITI;withStim,test_250,0 -100,"1000","500",afterStim,.png,left right,right,"2",hide,0 -100,985,"500",415636,right,4549,"1"
80,test,ITI;withStim,test_235,0 -100,"1000","500",afterStim,.png,left right,right,"2",hide,0 -100,987,"501",417324,right,698,"1"
158,test,ITI;withStim,test_235,0 -100,"1000","500",afterStim,.png,left right,right,"2",hide,0 -100,985,"500",418916,right,604,"1"
132,test,ITI;withStim,test_235,0 -100,"1000","500",afterStim,.png,left right,right,"2",hide,0 -100,994,"501",420532,right,619,"1"
61,test,ITI;withStim,test_215,0 -100,"1000","500",afterStim,.png,left right,left,"2",hide,0 -100,997,"500",422220,left,688,"1"
48,test,ITI;withStim,test_215,0 -100,"1000","500",afterStim,.png,left right,left,"2",hide,0 -100,995,"500",423836,left,619,"1"
90,test,ITI;withStim,test_225,0 -100,"1000","500",afterStim,.png,left right,"","2",hide,0 -100,997,"501",425444,left,609,""
51,test,ITI;withStim,test_225,0 -100,"1000","500",afterStim,.png,left right,"","2",hide,0 -100,991,"501",427036,left,599,""
179,test,ITI;withStim,test_220,0 -100,"1000","500",afterStim,.png,left right,left,"2",hide,0 -100,999,"500",428724,right,685,"0"
128,test,ITI;withStim,test_222,0 -100,"1000","500",afterStim,.png,left right,left,"2",hide,0 -100,998,"500",430492,right,768,"0"
149,test,ITI;withStim,test_200,0 -100,"1000","500",afterStim,.png,left right,left,"2",hide,0 -100,999,"500",432140,left,647,"1"
161,test,ITI;withStim,test_250,0 -100,"1000","500",afterStim,.png,left right,right,"2",hide,0 -100,986,"500",433772,right,644,"1"
117,test,ITI;withStim,test_227,0 -100,"1000","500",afterStim,.png,left right,right,"2",hide,0 -100,987,"500",435620,right,857,"1"
215,test,ITI;withStim,test_205,0 -100,"1000","500",afterStim,.png,left right,left,"2",hide,0 -100,993,"499",437212,left,597,"1"
96,test,ITI;withStim,test_250,0 -100,"1000","500",afterStim,.png,left right,right,"2",hide,0 -100,986,"500",438780,right,580,"1"
169,test,ITI;withStim,test_227,0 -100,"1000","500",afterStim,.png,left right,right,"2",hide,0 -100,986,"500",440604,right,835,"1"
154,test,ITI;withStim,test_222,0 -100,"1000","500",afterStim,.png,left right,left,"2",hide,0 -100,998,"500",442236,right,632,"0"
146,test,ITI;withStim,test_240,0 -100,"1000","500",afterStim,.png,left right,right,"2",hide,0 -100,984,"501",443804,right,582,"1"
223,test,ITI;withStim,test_235,0 -100,"1000","500",afterStim,.png,left right,right,"2",hide,0 -100,984,"500",445524,right,733,"1"
99,test,ITI;withStim,test_210,0 -100,"1000","500",afterStim,.png,left right,left,"2",hide,0 -100,1000,"500",447068,left,542,"1"
106,test,ITI;withStim,test_235,0 -100,"1000","500",afterStim,.png,left right,right,"2",hide,0 -100,991,"500",448788,right,727,"1"
94,test,ITI;withStim,test_240,0 -100,"1000","500",afterStim,.png,left right,right,"2",hide,0 -100,989,"500",450620,right,840,"1"
55,test,ITI;withStim,test_240,0 -100,"1000","500",afterStim,.png,left right,right,"2",hide,0 -100,993,"500",452299,right,684,"1"
217,test,ITI;withStim,test_215,0 -100,"1000","500",afterStim,.png,left right,left,"2",hide,0 -100,998,"500",453868,left,568,"1"
69,test,ITI;withStim,test_245,0 -100,"1000","500",afterStim,.png,left right,right,"2",hide,0 -100,998,"500",455572,right,703,"1"
127,test,ITI;withStim,test_220,0 -100,"1000","500",afterStim,.png,left right,left,"2",hide,0 -100,996,"501",457276,left,706,"1"
170,test,ITI;withStim,test_230,0 -100,"1000","500",afterStim,.png,left right,right,"2",hide,0 -100,994,"500",458972,left,700,"0"
85,test,ITI;withStim,test_205,0 -100,"1000","500",afterStim,.png,left right,left,"2",hide,0 -100,1000,"500",460580,left,606,"1"
77,test,ITI;withStim,test_225,0 -100,"1000","500",afterStim,.png,left right,"","2",hide,0 -100,994,"500",462356,left,780,""
141,test,ITI;withStim,test_222,0 -100,"1000","500",afterStim,.png,left right,left,"2",hide,0 -100,986,"500",464092,left,747,"1"
222,test,ITI;withStim,test_230,0 -100,"1000","500",afterStim,.png,left right,right,"2",hide,0 -100,986,"500",465620,left,540,"0"
71,test,ITI;withStim,test_200,0 -100,"1000","500",afterStim,.png,left right,left,"2",hide,0 -100,993,"500",467380,left,765,"1"
108,test,ITI;withStim,test_245,0 -100,"1000","500",afterStim,.png,left right,right,"2",hide,0 -100,985,"500",469004,right,637,"1"
84,test,ITI;withStim,test_200,0 -100,"1000","500",afterStim,.png,left right,left,"2",hide,0 -100,996,"500",470588,left,586,"1"
142,test,ITI;withStim,test_225,0 -100,"1000","500",afterStim,.png,left right,"","2",hide,0 -100,997,"500",472204,right,617,""
97,test,ITI;withStim,test_200,0 -100,"1000","500",afterStim,.png,left right,left,"2",hide,0 -100,999,"500",473868,left,663,"1"
165,test,ITI;withStim,test_215,0 -100,"1000","500",afterStim,.png,left right,left,"2",hide,0 -100,987,"501",475388,left,531,"1"
56,test,ITI;withStim,test_245,0 -100,"1000","500",afterStim,.png,left right,right,"2",hide,0 -100,984,"500",477028,right,652,"1"
125,test,ITI;withStim,test_210,0 -100,"1000","500",afterStim,.png,left right,left,"2",hide,0 -100,997,"500",481796,left,3769,"1"
68,test,ITI;withStim,test_240,0 -100,"1000","500",afterStim,.png,left right,right,"2",hide,0 -100,984,"500",483372,right,589,"1"
173,test,ITI;withStim,test_245,0 -100,"1000","500",afterStim,.png,left right,right,"2",hide,0 -100,994,"500",485116,right,748,"1"
219,test,ITI;withStim,test_222,0 -100,"1000","500",afterStim,.png,left right,left,"2",hide,0 -100,985,"500",486836,left,733,"1"
63,test,ITI;withStim,test_222,0 -100,"1000","500",afterStim,.png,left right,left,"2",hide,0 -100,1000,"501",488436,left,598,"1"
40,test,ITI;withStim,test_230,0 -100,"1000","500",afterStim,.png,left right,right,"2",hide,0 -100,984,"501",490092,right,669,"1"
79,test,ITI;withStim,test_230,0 -100,"1000","500",afterStim,.png,left right,right,"2",hide,0 -100,998,"500",491860,right,768,"1"
64,test,ITI;withStim,test_225,0 -100,"1000","500",afterStim,.png,left right,"","2",hide,0 -100,998,"500",493404,left,543,""
194,test,ITI;withStim,test_225,0 -100,"1000","500",afterStim,.png,left right,"","2",hide,0 -100,989,"501",495060,left,665,""
214,test,ITI;withStim,test_200,0 -100,"1000","500",afterStim,.png,left right,left,"2",hide,0 -100,983,"501",496756,left,709,"1"
178,test,ITI;withStim,test_215,0 -100,"1000","500",afterStim,.png,left right,left,"2",hide,0 -100,991,"501",498588,left,839,"1"
116,test,ITI;withStim,test_225,0 -100,"1000","500",afterStim,.png,left right,"","2",hide,0 -100,994,"500",500900,right,1315,""
57,test,ITI;withStim,test_250,0 -100,"1000","500",afterStim,.png,left right,right,"2",hide,0 -100,983,"500",502476,right,589,"1"
195,test,ITI;withStim,test_227,0 -100,"1000","500",afterStim,.png,left right,right,"2",hide,0 -100,994,"501",504068,left,596,"0"
210,test,ITI;withStim,test_235,0 -100,"1000","500",afterStim,.png,left right,right,"2",hide,0 -100,987,"501",505844,right,787,"1"
107,test,ITI;withStim,test_240,0 -100,"1000","500",afterStim,.png,left right,right,"2",hide,0 -100,996,"500",507444,right,601,"1"
187,test,ITI;withStim,test_250,0 -100,"1000","500",afterStim,.png,left right,right,"2",hide,0 -100,998,"501",508980,right,536,"1"
41,test,ITI;withStim,test_235,0 -100,"1000","500",afterStim,.png,left right,right,"2",hide,0 -100,997,"499",512516,right,2537,"1"
151,test,ITI;withStim,test_210,0 -100,"1000","500",afterStim,.png,left right,left,"2",hide,0 -100,998,"500",514332,left,815,"1"
218,test,ITI;withStim,test_220,0 -100,"1000","500",afterStim,.png,left right,left,"2",hide,0 -100,984,"500",515932,left,613,"1"
86,test,ITI;withStim,test_210,0 -100,"1000","500",afterStim,.png,left right,left,"2",hide,0 -100,986,"501",517540,left,620,"1"
188,test,ITI;withStim,test_200,0 -100,"1000","500",afterStim,.png,left right,left,"2",hide,0 -100,996,"500",521084,left,2545,"1"
208,test,ITI;withStim,test_227,0 -100,"1000","500",afterStim,.png,left right,right,"2",hide,0 -100,989,"500",522860,right,784,"1"
37,test,ITI;withStim,test_222,0 -100,"1000","500",afterStim,.png,left right,left,"2",hide,0 -100,999,"501",524548,left,687,"1"
91,test,ITI;withStim,test_227,0 -100,"1000","500",afterStim,.png,left right,right,"2",hide,0 -100,996,"500",526108,left,561,"0"
182,test,ITI;withStim,test_227,0 -100,"1000","500",afterStim,.png,left right,right,"2",hide,0 -100,987,"501",529428,right,2330,"1"
181,test,ITI;withStim,test_225,0 -100,"1000","500",afterStim,.png,left right,"","2",hide,0 -100,988,"500",531132,right,713,""
73,test,ITI;withStim,test_210,0 -100,"1000","500",afterStim,.png,left right,left,"2",hide,0 -100,985,"501",533012,left,892,"1"
150,test,ITI;withStim,test_205,0 -100,"1000","500",afterStim,.png,left right,left,"2",hide,0 -100,991,"500",534820,left,814,"1"
174,test,ITI;withStim,test_250,0 -100,"1000","500",afterStim,.png,left right,right,"2",hide,0 -100,986,"500",536444,right,636,"1"
131,test,ITI;withStim,test_230,0 -100,"1000","500",afterStim,.png,left right,right,"2",hide,0 -100,997,"499",539644,right,2201,"1"
114,test,ITI;withStim,test_220,0 -100,"1000","500",afterStim,.png,left right,left,"2",hide,0 -100,1000,"500",541452,right,805,"0"
81,test,ITI;withStim,test_240,0 -100,"1000","500",afterStim,.png,left right,right,"2",hide,0 -100,994,"500",542964,right,515,"1"
190,test,ITI;withStim,test_210,0 -100,"1000","500",afterStim,.png,left right,left,"2",hide,0 -100,1001,"500",544540,left,573,"1"
109,test,ITI;withStim,test_250,0 -100,"1000","500",afterStim,.png,left right,right,"2",hide,0 -100,993,"500",546052,right,517,"1"
75,test,ITI;withStim,test_220,0 -100,"1000","500",afterStim,.png,left right,left,"2",hide,0 -100,999,"500",549372,left,2318,"1"
87,test,ITI;withStim,test_215,0 -100,"1000","500",afterStim,.png,left right,left,"2",hide,0 -100,1000,"500",551028,left,654,"1"
180,test,ITI;withStim,test_222,0 -100,"1000","500",afterStim,.png,left right,left,"2",hide,0 -100,996,"500",552644,left,618,"1"
70,test,ITI;withStim,test_250,0 -100,"1000","500",afterStim,.png,left right,right,"2",hide,0 -100,998,"501",554172,right,528,"1"
148,test,ITI;withStim,test_250,0 -100,"1000","500",afterStim,.png,left right,right,"2",hide,0 -100,988,"500",557292,right,2129,"1"
46,test,ITI;withStim,test_205,0 -100,"1000","500",afterStim,.png,left right,left,"2",hide,0 -100,988,"500",558964,left,681,"1"
35,test,ITI;withStim,test_215,0 -100,"1000","500",afterStim,.png,left right,left,"2",hide,0 -100,985,"500",562804,left,2853,"1"
193,test,ITI;withStim,test_222,0 -100,"1000","500",afterStim,.png,left right,left,"2",hide,0 -100,999,"501",565228,left,1423,"1"
100,test,ITI;withStim,test_215,0 -100,"1000","500",afterStim,.png,left right,left,"2",hide,0 -100,993,"500",567196,left,971,"1"
123,test,ITI;withStim,test_200,0 -100,"1000","500",afterStim,.png,left right,left,"2",hide,0 -100,995,"500",568892,left,698,"1"
205,test,ITI;withStim,test_220,0 -100,"1000","500",afterStim,.png,left right,left,"2",hide,0 -100,985,"500",570644,right,765,"0"
186,test,ITI;withStim,test_245,0 -100,"1000","500",afterStim,.png,left right,right,"2",hide,0 -100,984,"500",572196,right,565,"1"
213,test,ITI;withStim,test_250,0 -100,"1000","500",afterStim,.png,left right,right,"2",hide,0 -100,984,"500",573900,right,718,"1"
175,test,ITI;withStim,test_200,0 -100,"1000","500",afterStim,.png,left right,left,"2",hide,0 -100,999,"500",575500,left,599,"1"
172,test,ITI;withStim,test_240,0 -100,"1000","500",afterStim,.png,left right,right,"2",hide,0 -100,1000,"500",577052,right,549,"1"
168,test,ITI;withStim,test_225,0 -100,"1000","500",afterStim,.png,left right,"","2",hide,0 -100,1000,"501",580540,right,2485,""
167,test,ITI;withStim,test_222,0 -100,"1000","500",afterStim,.png,left right,left,"2",hide,0 -100,999,"500",582148,left,606,"1"
62,test,ITI;withStim,test_220,0 -100,"1000","500",afterStim,.png,left right,left,"2",hide,0 -100,993,"501",583796,left,653,"1"
136,test,ITI;withStim,test_200,0 -100,"1000","500",afterStim,.png,left right,left,"2",hide,0 -100,997,"500",587556,left,2761,"1"
34,test,ITI;withStim,test_210,0 -100,"1000","500",afterStim,.png,left right,left,"2",hide,0 -100,991,"501",589116,left,567,"1"
159,test,ITI;withStim,test_240,0 -100,"1000","500",afterStim,.png,left right,right,"2",hide,0 -100,999,"500",590621,right,503,"1"
72,test,ITI;withStim,test_205,0 -100,"1000","500",afterStim,.png,left right,left,"2",hide,0 -100,996,"501",592292,left,673,"1"
98,test,ITI;withStim,test_205,0 -100,"1000","500",afterStim,.png,left right,left,"2",hide,0 -100,994,"500",593900,left,612,"1"
192,test,ITI;withStim,test_220,0 -100,"1000","500",afterStim,.png,left right,left,"2",hide,0 -100,987,"500",595420,left,530,"1"
115,test,ITI;withStim,test_222,0 -100,"1000","500",afterStim,.png,left right,left,"2",hide,0 -100,986,"500",598748,left,2340,"1"
53,test,ITI;withStim,test_230,0 -100,"1000","500",afterStim,.png,left right,right,"2",hide,0 -100,995,"500",600556,right,811,"1"
49,test,ITI;withStim,test_220,0 -100,"1000","500",afterStim,.png,left right,left,"2",hide,0 -100,989,"500",602148,right,601,"0"
32,test,ITI;withStim,test_200,0 -100,"1000","500",afterStim,.png,left right,left,"2",hide,0 -100,999,"500",603748,left,599,"1"
93,test,ITI;withStim,test_235,0 -100,"1000","500",afterStim,.png,left right,right,"2",hide,0 -100,984,"500",608180,right,3446,"1"
76,test,ITI;withStim,test_222,0 -100,"1000","500",afterStim,.png,left right,left,"2",hide,0 -100,989,"500",609923,right,751,"0"
153,test,ITI;withStim,test_220,0 -100,"1000","500",afterStim,.png,left right,left,"2",hide,0 -100,998,"500",613340,right,2416,"0"
212,test,ITI;withStim,test_245,0 -100,"1000","500",afterStim,.png,left right,right,"2",hide,0 -100,986,"500",615300,right,972,"1"
134,test,ITI;withStim,test_245,0 -100,"1000","500",afterStim,.png,left right,right,"2",hide,0 -100,993,"500",617236,right,939,"1"
101,test,ITI;withStim,test_220,0 -100,"1000","500",afterStim,.png,left right,left,"2",hide,0 -100,994,"501",619068,left,836,"1"
163,test,ITI;withStim,test_205,0 -100,"1000","500",afterStim,.png,left right,left,"2",hide,0 -100,997,"501",620916,left,849,"1"
140,test,ITI;withStim,test_220,0 -100,"1000","500",afterStim,.png,left right,left,"2",hide,0 -100,985,"500",622660,left,757,"1"
36,test,ITI;withStim,test_220,0 -100,"1000","500",afterStim,.png,left right,left,"2",hide,0 -100,992,"499",624372,left,717,"1"
33,test,ITI;withStim,test_205,0 -100,"1000","500",afterStim,.png,left right,left,"2",hide,0 -100,999,"501",626124,left,751,"1"
42,test,ITI;withStim,test_240,0 -100,"1000","500",afterStim,.png,left right,right,"2",hide,0 -100,999,"501",628108,right,983,"1"
189,test,ITI;withStim,test_205,0 -100,"1000","500",afterStim,.png,left right,left,"2",hide,0 -100,983,"500",629812,left,718,"1"
147,test,ITI;withStim,test_245,0 -100,"1000","500",afterStim,.png,left right,right,"2",hide,0 -100,998,"500",631420,right,607,"1"
162,test,ITI;withStim,test_200,0 -100,"1000","500",afterStim,.png,left right,left,"2",hide,0 -100,992,"501",633284,left,870,"1"
206,test,ITI;withStim,test_222,0 -100,"1000","500",afterStim,.png,left right,left,"2",hide,0 -100,997,"500",635092,left,809,"1"
221,test,ITI;withStim,test_227,0 -100,"1000","500",afterStim,.png,left right,right,"2",hide,0 -100,991,"501",636748,right,663,"1"
202,test,ITI;withStim,test_205,0 -100,"1000","500",afterStim,.png,left right,left,"2",hide,0 -100,987,"500",638492,left,755,"1"
119,test,ITI;withStim,test_235,0 -100,"1000","500",afterStim,.png,left right,right,"2",hide,0 -100,995,"500",640028,right,539,"1"
50,test,ITI;withStim,test_222,0 -100,"1000","500",afterStim,.png,left right,left,"2",hide,0 -100,994,"500",643516,right,2492,"0"
135,test,ITI;withStim,test_250,0 -100,"1000","500",afterStim,.png,left right,right,"2",hide,0 -100,993,"501",645204,right,693,"1"
129,test,ITI;withStim,test_225,0 -100,"1000","500",afterStim,.png,left right,"","2",hide,0 -100,989,"501",646812,right,616,""
103,test,ITI;withStim,test_225,0 -100,"1000","500",afterStim,.png,left right,"","2",hide,0 -100,1001,"500",650252,right,2437,""
111,test,ITI;withStim,test_205,0 -100,"1000","500",afterStim,.png,left right,left,"2",hide,0 -100,996,"501",651932,left,681,"1"
102,test,ITI;withStim,test_222,0 -100,"1000","500",afterStim,.png,left right,left,"2",hide,0 -100,986,"501",654740,left,1820,"1"
133,test,ITI;withStim,test_240,0 -100,"1000","500",afterStim,.png,left right,right,"2",hide,0 -100,990,"501",656348,right,608,"1"
122,test,ITI;withStim,test_250,0 -100,"1000","500",afterStim,.png,left right,right,"2",hide,0 -100,991,"500",660100,right,2758,"1"
196,test,ITI;withStim,test_230,0 -100,"1000","500",afterStim,.png,left right,right,"2",hide,0 -100,994,"500",661948,right,852,"1"
201,test,ITI;withStim,test_200,0 -100,"1000","500",afterStim,.png,left right,left,"2",hide,0 -100,998,"500",663812,left,864,"1"
185,test,ITI;withStim,test_240,0 -100,"1000","500",afterStim,.png,left right,right,"2",hide,0 -100,986,"501",665548,right,748,"1"
95,test,ITI;withStim,test_245,0 -100,"1000","500",afterStim,.png,left right,right,"2",hide,0 -100,985,"501",667580,right,1045,"1"
176,test,ITI;withStim,test_205,0 -100,"1000","500",afterStim,.png,left right,left,"2",hide,0 -100,989,"500",669244,left,673,"1"
104,test,ITI;withStim,test_227,0 -100,"1000","500",afterStim,.png,left right,right,"2",hide,0 -100,993,"500",671044,left,804,"0"
92,test,ITI;withStim,test_230,0 -100,"1000","500",afterStim,.png,left right,right,"2",hide,0 -100,995,"500",672604,right,562,"1"
38,test,ITI;withStim,test_225,0 -100,"1000","500",afterStim,.png,left right,"","2",hide,0 -100,987,"501",674100,right,507,""
139,test,ITI;withStim,test_215,0 -100,"1000","500",afterStim,.png,left right,left,"2",hide,0 -100,992,"500",675860,right,765,"0"
144,test,ITI;withStim,test_230,0 -100,"1000","500",afterStim,.png,left right,right,"2",hide,0 -100,985,"500",677357,right,510,"1"
89,test,ITI;withStim,test_222,0 -100,"1000","500",afterStim,.png,left right,left,"2",hide,0 -100,989,"501",678924,right,575,"0"
183,test,ITI;withStim,test_230,0 -100,"1000","500",afterStim,.png,left right,right,"2",hide,0 -100,991,"500",680644,right,727,"1"
225,test,ITI;withStim,test_245,0 -100,"1000","500",afterStim,.png,left right,right,"2",hide,0 -100,989,"501",682388,right,753,"1"
82,test,ITI;withStim,test_245,0 -100,"1000","500",afterStim,.png,left right,right,"2",hide,0 -100,997,"501",683900,right,513,"1"
143,test,ITI;withStim,test_227,0 -100,"1000","500",afterStim,.png,left right,right,"2",hide,0 -100,987,"500",685676,right,787,"1"
112,test,ITI;withStim,test_210,0 -100,"1000","500",afterStim,.png,left right,left,"2",hide,0 -100,995,"501",687252,left,578,"1"
204,test,ITI;withStim,test_215,0 -100,"1000","500",afterStim,.png,left right,left,"2",hide,0 -100,987,"500",688860,left,617,"1"
157,test,ITI;withStim,test_230,0 -100,"1000","500",afterStim,.png,left right,right,"2",hide,0 -100,999,"500",692556,left,2695,"0"
39,test,ITI;withStim,test_227,0 -100,"1000","500",afterStim,.png,left right,right,"2",hide,0 -100,990,"500",694667,left,1118,"0"
60,test,ITI;withStim,test_210,0 -100,"1000","500",afterStim,.png,left right,left,"2",hide,0 -100,997,"500",696580,left,912,"1"
207,test,ITI;withStim,test_225,0 -100,"1000","500",afterStim,.png,left right,"","2",hide,0 -100,986,"500",698684,right,1114,""
357,test,ITI;withStim,test_250,0 -100,"1000","500",afterStim,.png,left right,right,"3",hide,0 -100,1024,"500",740644,right,677,"1"
261,test,ITI;withStim,test_227,0 -100,"1000","500",afterStim,.png,left right,right,"3",hide,0 -100,988,"500",742324,left,689,"0"
297,test,ITI;withStim,test_220,0 -100,"1000","500",afterStim,.png,left right,left,"3",hide,0 -100,993,"500",744060,left,740,"1"
411,test,ITI;withStim,test_205,0 -100,"1000","500",afterStim,.png,left right,left,"3",hide,0 -100,993,"501",745668,left,613,"1"
346,test,ITI;withStim,test_205,0 -100,"1000","500",afterStim,.png,left right,left,"3",hide,0 -100,987,"500",749476,left,2819,"1"
327,test,ITI;withStim,test_230,0 -100,"1000","500",afterStim,.png,left right,right,"3",hide,0 -100,1000,"500",751132,right,654,"1"
333,test,ITI;withStim,test_205,0 -100,"1000","500",afterStim,.png,left right,left,"3",hide,0 -100,995,"500",752748,left,618,"1"
299,test,ITI;withStim,test_225,0 -100,"1000","500",afterStim,.png,left right,"","3",hide,0 -100,998,"501",754292,right,544,""
383,test,ITI;withStim,test_250,0 -100,"1000","500",afterStim,.png,left right,right,"3",hide,0 -100,989,"500",757580,right,2297,"1"
339,test,ITI;withStim,test_227,0 -100,"1000","500",afterStim,.png,left right,right,"3",hide,0 -100,988,"501",760052,right,1482,"1"
231,test,ITI;withStim,test_215,0 -100,"1000","500",afterStim,.png,left right,left,"3",hide,0 -100,985,"500",761652,left,612,"1"
256,test,ITI;withStim,test_210,0 -100,"1000","500",afterStim,.png,left right,left,"3",hide,0 -100,987,"501",763412,left,771,"1"
350,test,ITI;withStim,test_222,0 -100,"1000","500",afterStim,.png,left right,left,"3",hide,0 -100,996,"500",765268,right,858,"0"
398,test,ITI;withStim,test_205,0 -100,"1000","500",afterStim,.png,left right,left,"3",hide,0 -100,992,"500",766876,left,614,"1"
315,test,ITI;withStim,test_235,0 -100,"1000","500",afterStim,.png,left right,right,"3",hide,0 -100,985,"501",768580,right,717,"1"
288,test,ITI;withStim,test_230,0 -100,"1000","500",afterStim,.png,left right,right,"3",hide,0 -100,1000,"501",772364,right,2782,"1"
305,test,ITI;withStim,test_250,0 -100,"1000","500",afterStim,.png,left right,right,"3",hide,0 -100,986,"502",774068,right,716,"1"
235,test,ITI;withStim,test_227,0 -100,"1000","500",afterStim,.png,left right,right,"3",hide,0 -100,985,"500",776028,left,973,"0"
365,test,ITI;withStim,test_227,0 -100,"1000","500",afterStim,.png,left right,right,"3",hide,0 -100,994,"500",779340,right,2316,"1"
384,test,ITI;withStim,test_200,0 -100,"1000","500",afterStim,.png,left right,left,"3",hide,0 -100,985,"500",780908,left,580,"1"
375,test,ITI;withStim,test_220,0 -100,"1000","500",afterStim,.png,left right,left,"3",hide,0 -100,986,"500",783220,left,1324,"1"
367,test,ITI;withStim,test_235,0 -100,"1000","500",afterStim,.png,left right,right,"3",hide,0 -100,993,"501",784852,right,637,"1"
345,test,ITI;withStim,test_200,0 -100,"1000","500",afterStim,.png,left right,left,"3",hide,0 -100,996,"500",786556,left,706,"1"
328,test,ITI;withStim,test_235,0 -100,"1000","500",afterStim,.png,left right,right,"3",hide,0 -100,994,"500",788700,right,1148,"1"
348,test,ITI;withStim,test_215,0 -100,"1000","500",afterStim,.png,left right,left,"3",hide,0 -100,985,"500",790404,left,716,"1"
419,test,ITI;withStim,test_235,0 -100,"1000","500",afterStim,.png,left right,right,"3",hide,0 -100,1000,"500",793876,right,2469,"1"
314,test,ITI;withStim,test_230,0 -100,"1000","500",afterStim,.png,left right,right,"3",hide,0 -100,999,"500",795604,right,727,"1"
272,test,ITI;withStim,test_222,0 -100,"1000","500",afterStim,.png,left right,left,"3",hide,0 -100,989,"500",797244,right,648,"0"
326,test,ITI;withStim,test_227,0 -100,"1000","500",afterStim,.png,left right,right,"3",hide,0 -100,984,"500",798741,right,510,"1"
307,test,ITI;withStim,test_205,0 -100,"1000","500",afterStim,.png,left right,left,"3",hide,0 -100,989,"501",802140,right,2408,"0"
322,test,ITI;withStim,test_215,0 -100,"1000","500",afterStim,.png,left right,left,"3",hide,0 -100,994,"500",803748,left,612,"1"
230,test,ITI;withStim,test_210,0 -100,"1000","500",afterStim,.png,left right,left,"3",hide,0 -100,988,"500",807140,right,2402,"0"
243,test,ITI;withStim,test_210,0 -100,"1000","500",afterStim,.png,left right,left,"3",hide,0 -100,999,"500",808875,right,733,"0"
268,test,ITI;withStim,test_205,0 -100,"1000","500",afterStim,.png,left right,left,"3",hide,0 -100,999,"500",810876,right,999,"0"
300,test,ITI;withStim,test_227,0 -100,"1000","500",afterStim,.png,left right,right,"3",hide,0 -100,984,"500",812652,left,789,"0"
277,test,ITI;withStim,test_240,0 -100,"1000","500",afterStim,.png,left right,right,"3",hide,0 -100,993,"500",814340,right,692,"1"
364,test,ITI;withStim,test_225,0 -100,"1000","500",afterStim,.png,left right,"","3",hide,0 -100,991,"500",816292,right,959,""
336,test,ITI;withStim,test_220,0 -100,"1000","500",afterStim,.png,left right,left,"3",hide,0 -100,991,"500",818316,right,1031,"0"
289,test,ITI;withStim,test_235,0 -100,"1000","500",afterStim,.png,left right,right,"3",hide,0 -100,986,"500",820004,right,700,"1"
293,test,ITI;withStim,test_200,0 -100,"1000","500",afterStim,.png,left right,left,"3",hide,0 -100,1000,"500",821620,left,614,"1"
369,test,ITI;withStim,test_245,0 -100,"1000","500",afterStim,.png,left right,right,"3",hide,0 -100,985,"500",823300,right,692,"1"
295,test,ITI;withStim,test_210,0 -100,"1000","500",afterStim,.png,left right,left,"3",hide,0 -100,990,"500",824996,left,703,"1"
342,test,ITI;withStim,test_240,0 -100,"1000","500",afterStim,.png,left right,right,"3",hide,0 -100,996,"500",826788,right,793,"1"
372,test,ITI;withStim,test_205,0 -100,"1000","500",afterStim,.png,left right,left,"3",hide,0 -100,990,"500",828508,left,728,"1"
387,test,ITI;withStim,test_215,0 -100,"1000","500",afterStim,.png,left right,left,"3",hide,0 -100,988,"500",830324,right,825,"0"
290,test,ITI;withStim,test_240,0 -100,"1000","500",afterStim,.png,left right,right,"3",hide,0 -100,990,"501",832132,right,815,"1"
409,test,ITI;withStim,test_250,0 -100,"1000","500",afterStim,.png,left right,right,"3",hide,0 -100,984,"501",833924,right,805,"1"
353,test,ITI;withStim,test_230,0 -100,"1000","500",afterStim,.png,left right,right,"3",hide,0 -100,995,"500",837684,right,2763,"1"
253,test,ITI;withStim,test_250,0 -100,"1000","500",afterStim,.png,left right,right,"3",hide,0 -100,989,"501",839228,right,553,"1"
264,test,ITI;withStim,test_240,0 -100,"1000","500",afterStim,.png,left right,right,"3",hide,0 -100,996,"500",840796,right,569,"1"
246,test,ITI;withStim,test_222,0 -100,"1000","500",afterStim,.png,left right,left,"3",hide,0 -100,997,"500",842364,left,568,"1"
259,test,ITI;withStim,test_222,0 -100,"1000","500",afterStim,.png,left right,left,"3",hide,0 -100,998,"500",844068,left,704,"1"
385,test,ITI;withStim,test_205,0 -100,"1000","500",afterStim,.png,left right,left,"3",hide,0 -100,995,"500",847684,left,2618,"1"
239,test,ITI;withStim,test_245,0 -100,"1000","500",afterStim,.png,left right,right,"3",hide,0 -100,999,"501",849220,right,534,"1"
280,test,ITI;withStim,test_200,0 -100,"1000","500",afterStim,.png,left right,left,"3",hide,0 -100,999,"501",850916,left,695,"1"
228,test,ITI;withStim,test_200,0 -100,"1000","500",afterStim,.png,left right,left,"3",hide,0 -100,988,"500",852772,left,865,"1"
269,test,ITI;withStim,test_210,0 -100,"1000","500",afterStim,.png,left right,left,"3",hide,0 -100,984,"500",854380,left,621,"1"
386,test,ITI;withStim,test_210,0 -100,"1000","500",afterStim,.png,left right,left,"3",hide,0 -100,995,"500",855956,left,579,"1"
331,test,ITI;withStim,test_250,0 -100,"1000","500",afterStim,.png,left right,right,"3",hide,0 -100,987,"500",859364,right,2418,"1"
321,test,ITI;withStim,test_210,0 -100,"1000","500",afterStim,.png,left right,left,"3",hide,0 -100,1000,"500",861100,left,734,"1"
248,test,ITI;withStim,test_227,0 -100,"1000","500",afterStim,.png,left right,right,"3",hide,0 -100,999,"501",862748,right,647,"1"
308,test,ITI;withStim,test_210,0 -100,"1000","500",afterStim,.png,left right,left,"3",hide,0 -100,986,"501",864508,left,772,"1"
285,test,ITI;withStim,test_222,0 -100,"1000","500",afterStim,.png,left right,left,"3",hide,0 -100,995,"500",866044,right,539,"0"
330,test,ITI;withStim,test_245,0 -100,"1000","500",afterStim,.png,left right,right,"3",hide,0 -100,992,"500",867580,right,540,"1"
251,test,ITI;withStim,test_240,0 -100,"1000","500",afterStim,.png,left right,right,"3",hide,0 -100,993,"499",871500,right,2925,"1"
377,test,ITI;withStim,test_225,0 -100,"1000","500",afterStim,.png,left right,"","3",hide,0 -100,994,"500",873132,left,636,""
263,test,ITI;withStim,test_235,0 -100,"1000","500",afterStim,.png,left right,right,"3",hide,0 -100,996,"500",876756,right,2625,"1"
292,test,ITI;withStim,test_250,0 -100,"1000","500",afterStim,.png,left right,right,"3",hide,0 -100,994,"500",878396,right,644,"1"
245,test,ITI;withStim,test_220,0 -100,"1000","500",afterStim,.png,left right,left,"3",hide,0 -100,987,"500",880060,right,673,"0"
294,test,ITI;withStim,test_205,0 -100,"1000","500",afterStim,.png,left right,left,"3",hide,0 -100,993,"501",883972,right,2917,"0"
344,test,ITI;withStim,test_250,0 -100,"1000","500",afterStim,.png,left right,right,"3",hide,0 -100,985,"500",885589,right,629,"1"
396,test,ITI;withStim,test_250,0 -100,"1000","500",afterStim,.png,left right,right,"3",hide,0 -100,987,"499",889236,right,2658,"1"
422,test,ITI;withStim,test_250,0 -100,"1000","500",afterStim,.png,left right,right,"3",hide,0 -100,994,"501",890980,right,748,"1"
400,test,ITI;withStim,test_215,0 -100,"1000","500",afterStim,.png,left right,left,"3",hide,0 -100,985,"501",892556,left,589,"1"
238,test,ITI;withStim,test_240,0 -100,"1000","500",afterStim,.png,left right,right,"3",hide,0 -100,994,"500",894148,right,595,"1"
302,test,ITI;withStim,test_235,0 -100,"1000","500",afterStim,.png,left right,right,"3",hide,0 -100,987,"500",895756,right,618,"1"
355,test,ITI;withStim,test_240,0 -100,"1000","500",afterStim,.png,left right,right,"3",hide,0 -100,998,"499",897356,right,600,"1"
351,test,ITI;withStim,test_225,0 -100,"1000","500",afterStim,.png,left right,"","3",hide,0 -100,1000,"500",898861,right,503,""
390,test,ITI;withStim,test_225,0 -100,"1000","500",afterStim,.png,left right,"","3",hide,0 -100,996,"500",902292,right,2432,""
310,test,ITI;withStim,test_220,0 -100,"1000","500",afterStim,.png,left right,left,"3",hide,0 -100,985,"501",903892,left,613,"1"
325,test,ITI;withStim,test_225,0 -100,"1000","500",afterStim,.png,left right,"","3",hide,0 -100,987,"499",905452,right,569,""
394,test,ITI;withStim,test_240,0 -100,"1000","500",afterStim,.png,left right,right,"3",hide,0 -100,996,"499",907108,right,658,"1"
337,test,ITI;withStim,test_222,0 -100,"1000","500",afterStim,.png,left right,left,"3",hide,0 -100,991,"500",909148,right,1046,"0"
284,test,ITI;withStim,test_220,0 -100,"1000","500",afterStim,.png,left right,left,"3",hide,0 -100,987,"500",910732,left,594,"1"
406,test,ITI;withStim,test_235,0 -100,"1000","500",afterStim,.png,left right,right,"3",hide,0 -100,988,"500",914012,right,2289,"1"
241,test,ITI;withStim,test_200,0 -100,"1000","500",afterStim,.png,left right,left,"3",hide,0 -100,995,"500",915724,left,714,"1"
402,test,ITI;withStim,test_222,0 -100,"1000","500",afterStim,.png,left right,left,"3",hide,0 -100,985,"500",917460,right,749,"0"
267,test,ITI;withStim,test_200,0 -100,"1000","500",afterStim,.png,left right,left,"3",hide,0 -100,984,"500",919124,left,677,"1"
332,test,ITI;withStim,test_200,0 -100,"1000","500",afterStim,.png,left right,left,"3",hide,0 -100,988,"501",920668,left,553,"1"
304,test,ITI;withStim,test_245,0 -100,"1000","500",afterStim,.png,left right,right,"3",hide,0 -100,996,"500",922196,right,529,"1"
412,test,ITI;withStim,test_210,0 -100,"1000","500",afterStim,.png,left right,left,"3",hide,0 -100,987,"501",923948,right,763,"0"
352,test,ITI;withStim,test_227,0 -100,"1000","500",afterStim,.png,left right,right,"3",hide,0 -100,987,"500",925572,right,635,"1"
266,test,ITI;withStim,test_250,0 -100,"1000","500",afterStim,.png,left right,right,"3",hide,0 -100,998,"501",927116,right,544,"1"
381,test,ITI;withStim,test_240,0 -100,"1000","500",afterStim,.png,left right,right,"3",hide,0 -100,989,"501",930572,right,2465,"1"
270,test,ITI;withStim,test_215,0 -100,"1000","500",afterStim,.png,left right,left,"3",hide,0 -100,987,"500",932204,left,643,"1"
368,test,ITI;withStim,test_240,0 -100,"1000","500",afterStim,.png,left right,right,"3",hide,0 -100,990,"500",935548,right,2352,"1"
404,test,ITI;withStim,test_227,0 -100,"1000","500",afterStim,.png,left right,right,"3",hide,0 -100,999,"500",937148,left,598,"0"
388,test,ITI;withStim,test_220,0 -100,"1000","500",afterStim,.png,left right,left,"3",hide,0 -100,985,"500",938860,right,725,"0"
323,test,ITI;withStim,test_220,0 -100,"1000","500",afterStim,.png,left right,left,"3",hide,0 -100,991,"500",940748,left,894,"1"
366,test,ITI;withStim,test_230,0 -100,"1000","500",afterStim,.png,left right,right,"3",hide,0 -100,989,"500",942500,left,761,"0"
254,test,ITI;withStim,test_200,0 -100,"1000","500",afterStim,.png,left right,left,"3",hide,0 -100,989,"500",944132,left,641,"1"
389,test,ITI;withStim,test_222,0 -100,"1000","500",afterStim,.png,left right,left,"3",hide,0 -100,991,"500",946252,right,1126,"0"
417,test,ITI;withStim,test_227,0 -100,"1000","500",afterStim,.png,left right,right,"3",hide,0 -100,990,"501",948036,right,791,"1"
271,test,ITI;withStim,test_220,0 -100,"1000","500",afterStim,.png,left right,left,"3",hide,0 -100,992,"499",949548,right,517,"0"
250,test,ITI;withStim,test_235,0 -100,"1000","500",afterStim,.png,left right,right,"3",hide,0 -100,998,"500",951116,right,567,"1"
320,test,ITI;withStim,test_205,0 -100,"1000","500",afterStim,.png,left right,left,"3",hide,0 -100,999,"501",952676,left,559,"1"
371,test,ITI;withStim,test_200,0 -100,"1000","500",afterStim,.png,left right,left,"3",hide,0 -100,991,"500",954284,left,615,"1"
413,test,ITI;withStim,test_215,0 -100,"1000","500",afterStim,.png,left right,left,"3",hide,0 -100,984,"500",955876,left,605,"1"
247,test,ITI;withStim,test_225,0 -100,"1000","500",afterStim,.png,left right,"","3",hide,0 -100,994,"501",957444,right,572,""
309,test,ITI;withStim,test_215,0 -100,"1000","500",afterStim,.png,left right,left,"3",hide,0 -100,994,"500",958980,right,539,"0"
313,test,ITI;withStim,test_227,0 -100,"1000","500",afterStim,.png,left right,right,"3",hide,0 -100,994,"500",960556,right,580,"1"
347,test,ITI;withStim,test_210,0 -100,"1000","500",afterStim,.png,left right,left,"3",hide,0 -100,985,"500",963940,left,2396,"1"
361,test,ITI;withStim,test_215,0 -100,"1000","500",afterStim,.png,left right,left,"3",hide,0 -100,989,"501",965804,right,873,"0"
329,test,ITI;withStim,test_240,0 -100,"1000","500",afterStim,.png,left right,right,"3",hide,0 -100,994,"500",967620,right,820,"1"
244,test,ITI;withStim,test_215,0 -100,"1000","500",afterStim,.png,left right,left,"3",hide,0 -100,996,"500",969172,left,553,"1"
262,test,ITI;withStim,test_230,0 -100,"1000","500",afterStim,.png,left right,right,"3",hide,0 -100,996,"501",970908,right,738,"1"
382,test,ITI;withStim,test_245,0 -100,"1000","500",afterStim,.png,left right,right,"3",hide,0 -100,995,"500",972476,right,570,"1"
359,test,ITI;withStim,test_205,0 -100,"1000","500",afterStim,.png,left right,left,"3",hide,0 -100,996,"500",974052,left,578,"1"
281,test,ITI;withStim,test_205,0 -100,"1000","500",afterStim,.png,left right,left,"3",hide,0 -100,988,"500",975548,left,505,"1"
282,test,ITI;withStim,test_210,0 -100,"1000","500",afterStim,.png,left right,left,"3",hide,0 -100,991,"501",979188,left,2644,"1"
399,test,ITI;withStim,test_210,0 -100,"1000","500",afterStim,.png,left right,left,"3",hide,0 -100,990,"501",980884,left,703,"1"
397,test,ITI;withStim,test_200,0 -100,"1000","500",afterStim,.png,left right,left,"3",hide,0 -100,997,"501",982852,left,969,"1"
229,test,ITI;withStim,test_205,0 -100,"1000","500",afterStim,.png,left right,left,"3",hide,0 -100,998,"500",984996,left,1144,"1"
356,test,ITI;withStim,test_245,0 -100,"1000","500",afterStim,.png,left right,right,"3",hide,0 -100,990,"500",986556,right,568,"1"
341,test,ITI;withStim,test_235,0 -100,"1000","500",afterStim,.png,left right,right,"3",hide,0 -100,998,"499",989988,right,2432,"1"
373,test,ITI;withStim,test_210,0 -100,"1000","500",afterStim,.png,left right,left,"3",hide,0 -100,986,"500",991548,left,571,"1"
279,test,ITI;withStim,test_250,0 -100,"1000","500",afterStim,.png,left right,right,"3",hide,0 -100,994,"500",993116,right,571,"1"
286,test,ITI;withStim,test_225,0 -100,"1000","500",afterStim,.png,left right,"","3",hide,0 -100,995,"500",994724,right,610,""
258,test,ITI;withStim,test_220,0 -100,"1000","500",afterStim,.png,left right,left,"3",hide,0 -100,989,"501",998476,right,2761,"0"
338,test,ITI;withStim,test_225,0 -100,"1000","500",afterStim,.png,left right,"","3",hide,0 -100,991,"501",1000036,right,567,""
380,test,ITI;withStim,test_235,0 -100,"1000","500",afterStim,.png,left right,right,"3",hide,0 -100,999,"500",1002284,right,1246,"1"
252,test,ITI;withStim,test_245,0 -100,"1000","500",afterStim,.png,left right,right,"3",hide,0 -100,987,"500",1003796,right,522,"1"
420,test,ITI;withStim,test_240,0 -100,"1000","500",afterStim,.png,left right,right,"3",hide,0 -100,994,"500",1005468,right,676,"1"
374,test,ITI;withStim,test_215,0 -100,"1000","500",afterStim,.png,left right,left,"3",hide,0 -100,989,"500",1007012,left,551,"1"
316,test,ITI;withStim,test_240,0 -100,"1000","500",afterStim,.png,left right,right,"3",hide,0 -100,997,"501",1008596,right,584,"1"
362,test,ITI;withStim,test_220,0 -100,"1000","500",afterStim,.png,left right,left,"3",hide,0 -100,999,"501",1010396,left,799,"1"
334,test,ITI;withStim,test_210,0 -100,"1000","500",afterStim,.png,left right,left,"3",hide,0 -100,983,"500",1012124,left,741,"1"
379,test,ITI;withStim,test_230,0 -100,"1000","500",afterStim,.png,left right,right,"3",hide,0 -100,992,"500",1013796,right,678,"1"
260,test,ITI;withStim,test_225,0 -100,"1000","500",afterStim,.png,left right,"","3",hide,0 -100,987,"501",1015364,left,577,""
276,test,ITI;withStim,test_235,0 -100,"1000","500",afterStim,.png,left right,right,"3",hide,0 -100,987,"500",1016868,right,513,"1"
242,test,ITI;withStim,test_205,0 -100,"1000","500",afterStim,.png,left right,left,"3",hide,0 -100,986,"501",1018364,left,508,"1"
296,test,ITI;withStim,test_215,0 -100,"1000","500",afterStim,.png,left right,left,"3",hide,0 -100,991,"500",1019924,left,566,"1"
414,test,ITI;withStim,test_220,0 -100,"1000","500",afterStim,.png,left right,left,"3",hide,0 -100,999,"501",1021540,left,614,"1"
234,test,ITI;withStim,test_225,0 -100,"1000","500",afterStim,.png,left right,"","3",hide,0 -100,985,"500",1023140,left,612,""
317,test,ITI;withStim,test_245,0 -100,"1000","500",afterStim,.png,left right,right,"3",hide,0 -100,988,"500",1026284,right,2154,"1"
255,test,ITI;withStim,test_205,0 -100,"1000","500",afterStim,.png,left right,left,"3",hide,0 -100,997,"500",1027788,left,505,"1"
319,test,ITI;withStim,test_200,0 -100,"1000","500",afterStim,.png,left right,left,"3",hide,0 -100,993,"500",1031004,left,2219,"1"
343,test,ITI;withStim,test_245,0 -100,"1000","500",afterStim,.png,left right,right,"3",hide,0 -100,998,"501",1034260,right,2255,"1"
312,test,ITI;withStim,test_225,0 -100,"1000","500",afterStim,.png,left right,"","3",hide,0 -100,996,"500",1035828,left,569,""
421,test,ITI;withStim,test_245,0 -100,"1000","500",afterStim,.png,left right,right,"3",hide,0 -100,996,"501",1039252,right,2425,"1"
393,test,ITI;withStim,test_235,0 -100,"1000","500",afterStim,.png,left right,right,"3",hide,0 -100,992,"500",1041020,right,772,"1"
418,test,ITI;withStim,test_230,0 -100,"1000","500",afterStim,.png,left right,right,"3",hide,0 -100,993,"501",1044300,left,2284,"0"
318,test,ITI;withStim,test_250,0 -100,"1000","500",afterStim,.png,left right,right,"3",hide,0 -100,982,"500",1047708,right,2421,"1"
335,test,ITI;withStim,test_215,0 -100,"1000","500",afterStim,.png,left right,left,"3",hide,0 -100,997,"500",1051212,left,2505,"1"
358,test,ITI;withStim,test_200,0 -100,"1000","500",afterStim,.png,left right,left,"3",hide,0 -100,997,"500",1052924,left,713,"1"
378,test,ITI;withStim,test_227,0 -100,"1000","500",afterStim,.png,left right,right,"3",hide,0 -100,987,"500",1054612,right,699,"1"
340,test,ITI;withStim,test_230,0 -100,"1000","500",afterStim,.png,left right,right,"3",hide,0 -100,1000,"500",1056324,right,709,"1"
275,test,ITI;withStim,test_230,0 -100,"1000","500",afterStim,.png,left right,right,"3",hide,0 -100,990,"500",1057948,right,631,"1"
278,test,ITI;withStim,test_245,0 -100,"1000","500",afterStim,.png,left right,right,"3",hide,0 -100,984,"500",1059446,right,511,"1"
395,test,ITI;withStim,test_245,0 -100,"1000","500",afterStim,.png,left right,right,"3",hide,0 -100,988,"500",1060940,right,503,"1"
265,test,ITI;withStim,test_245,0 -100,"1000","500",afterStim,.png,left right,right,"3",hide,0 -100,996,"501",1062508,right,570,"1"
410,test,ITI;withStim,test_200,0 -100,"1000","500",afterStim,.png,left right,left,"3",hide,0 -100,996,"500",1064036,left,529,"1"
301,test,ITI;withStim,test_230,0 -100,"1000","500",afterStim,.png,left right,right,"3",hide,0 -100,987,"500",1065660,right,635,"1"
363,test,ITI;withStim,test_222,0 -100,"1000","500",afterStim,.png,left right,left,"3",hide,0 -100,998,"501",1068884,left,2224,"1"
354,test,ITI;withStim,test_235,0 -100,"1000","500",afterStim,.png,left right,right,"3",hide,0 -100,993,"501",1071404,right,1524,"1"
407,test,ITI;withStim,test_240,0 -100,"1000","500",afterStim,.png,left right,right,"3",hide,0 -100,994,"500",1073508,right,1108,"1"
236,test,ITI;withStim,test_230,0 -100,"1000","500",afterStim,.png,left right,right,"3",hide,0 -100,992,"500",1075028,left,526,"0"
370,test,ITI;withStim,test_250,0 -100,"1000","500",afterStim,.png,left right,right,"3",hide,0 -100,989,"500",1076628,right,607,"1"
298,test,ITI;withStim,test_222,0 -100,"1000","500",afterStim,.png,left right,left,"3",hide,0 -100,991,"501",1078340,right,718,"0"
349,test,ITI;withStim,test_220,0 -100,"1000","500",afterStim,.png,left right,left,"3",hide,0 -100,999,"499",1082132,left,2791,"1"
249,test,ITI;withStim,test_230,0 -100,"1000","500",afterStim,.png,left right,right,"3",hide,0 -100,994,"501",1084156,left,1028,"0"
306,test,ITI;withStim,test_200,0 -100,"1000","500",afterStim,.png,left right,left,"3",hide,0 -100,992,"498",1085748,left,598,"1"
291,test,ITI;withStim,test_245,0 -100,"1000","500",afterStim,.png,left right,right,"3",hide,0 -100,999,"500",1087332,right,583,"1"
360,test,ITI;withStim,test_210,0 -100,"1000","500",afterStim,.png,left right,left,"3",hide,0 -100,1000,"500",1090660,left,2326,"1"
324,test,ITI;withStim,test_222,0 -100,"1000","500",afterStim,.png,left right,left,"3",hide,0 -100,991,"501",1092276,left,621,"1"
415,test,ITI;withStim,test_222,0 -100,"1000","500",afterStim,.png,left right,left,"3",hide,0 -100,995,"500",1093884,left,611,"1"
274,test,ITI;withStim,test_227,0 -100,"1000","500",afterStim,.png,left right,right,"3",hide,0 -100,987,"500",1095564,left,689,"0"
283,test,ITI;withStim,test_215,0 -100,"1000","500",afterStim,.png,left right,left,"3",hide,0 -100,994,"500",1097236,left,676,"1"
391,test,ITI;withStim,test_227,0 -100,"1000","500",afterStim,.png,left right,right,"3",hide,0 -100,990,"501",1098764,left,536,"0"
233,test,ITI;withStim,test_222,0 -100,"1000","500",afterStim,.png,left right,left,"3",hide,0 -100,997,"501",1100316,left,553,"1"
405,test,ITI;withStim,test_230,0 -100,"1000","500",afterStim,.png,left right,right,"3",hide,0 -100,997,"500",1101860,left,545,"0"
240,test,ITI;withStim,test_250,0 -100,"1000","500",afterStim,.png,left right,right,"3",hide,0 -100,988,"501",1104972,right,2122,"1"
408,test,ITI;withStim,test_245,0 -100,"1000","500",afterStim,.png,left right,right,"3",hide,0 -100,995,"501",1106556,right,586,"1"
403,test,ITI;withStim,test_225,0 -100,"1000","500",afterStim,.png,left right,"","3",hide,0 -100,997,"501",1108492,left,937,""
232,test,ITI;withStim,test_220,0 -100,"1000","500",afterStim,.png,left right,left,"3",hide,0 -100,997,"500",1110076,left,585,"1"
311,test,ITI;withStim,test_222,0 -100,"1000","500",afterStim,.png,left right,left,"3",hide,0 -100,997,"500",1111644,left,568,"1"
287,test,ITI;withStim,test_227,0 -100,"1000","500",afterStim,.png,left right,right,"3",hide,0 -100,997,"500",1113292,left,648,"0"
376,test,ITI;withStim,test_222,0 -100,"1000","500",afterStim,.png,left right,left,"3",hide,0 -100,985,"501",1114789,left,510,"1"
401,test,ITI;withStim,test_220,0 -100,"1000","500",afterStim,.png,left right,left,"3",hide,0 -100,989,"500",1116348,left,567,"1"
416,test,ITI;withStim,test_225,0 -100,"1000","500",afterStim,.png,left right,"","3",hide,0 -100,999,"500",1119996,left,2646,""
392,test,ITI;withStim,test_230,0 -100,"1000","500",afterStim,.png,left right,right,"3",hide,0 -100,988,"500",1121692,left,705,"0"
303,test,ITI;withStim,test_240,0 -100,"1000","500",afterStim,.png,left right,right,"3",hide,0 -100,993,"500",1123292,right,603,"1"
273,test,ITI;withStim,test_225,0 -100,"1000","500",afterStim,.png,left right,"","3",hide,0 -100,996,"500",1124860,left,569,""
237,test,ITI;withStim,test_235,0 -100,"1000","500",afterStim,.png,left right,right,"3",hide,0 -100,997,"500",1126500,right,641,"1"
257,test,ITI;withStim,test_215,0 -100,"1000","500",afterStim,.png,left right,left,"3",hide,0 -100,992,"500",1128036,left,542,"1"